{
  "method": "AKCR-reader_glm-5.1",
  "atom_source": "data/narrativeqa/processed_v010_full/nodes_v010_full_book.jsonl",
  "reader": "glm-5.1",
  "judge": "glm-4.7",
  "char_budget": 2000,
  "K_atoms": 200,
  "n_total": 1169,
  "n_yes": 306,
  "judge_acc": 0.2617621899059025,
  "avg_f1": 0.10986837865970238,
  "avg_passages_chars": 1766.556886227545,
  "avg_n_chunks": 2.644140290846878,
  "duration_sec": 2199.4548618793488
}