{
  "method": "AKCR-reader_glm-4.7",
  "atom_source": "data/narrativeqa/processed_v010_full/nodes_v010_full_book.jsonl",
  "reader": "glm-4.7",
  "judge": "glm-4.7",
  "char_budget": 8000,
  "K_atoms": 200,
  "n_total": 1169,
  "n_yes": 520,
  "judge_acc": 0.4448246364414029,
  "avg_f1": 0.2443122775438507,
  "avg_passages_chars": 7788.218990590248,
  "avg_n_chunks": 10.845166809238666,
  "duration_sec": 244.3096640110016
}