{
  "method": "GAR-reader_glm-5.1",
  "reader": "glm-5.1",
  "judge": "glm-4.7",
  "char_budget": 24000,
  "n_total": 1169,
  "n_yes": 535,
  "judge_acc": 0.4576561163387511,
  "avg_f1": 0.1809564663886932,
  "avg_graph_chars": 28302.080410607356,
  "duration_sec": 570.5805959701538
}