{
  "v1_K50_b4000": {
    "hit_at_least_1_rate": 0.2413793103448276,
    "gold_recall": 0.08045977011494251,
    "avg_chunks_picked": 5.068965517241379,
    "n": 29
  },
  "mar_sum_K50_b4000": {
    "hit_at_least_1_rate": 0.2413793103448276,
    "gold_recall": 0.09195402298850575,
    "avg_chunks_picked": 5.0,
    "n": 29
  },
  "mar_lse_t5_K50_b4000": {
    "hit_at_least_1_rate": 0.2413793103448276,
    "gold_recall": 0.09195402298850575,
    "avg_chunks_picked": 5.0,
    "n": 29
  },
  "hacs_a07_K50_b4000": {
    "hit_at_least_1_rate": 0.2413793103448276,
    "gold_recall": 0.09195402298850575,
    "avg_chunks_picked": 5.241379310344827,
    "n": 29
  },
  "hacs_a08_K50_b4000": {
    "hit_at_least_1_rate": 0.2413793103448276,
    "gold_recall": 0.08045977011494251,
    "avg_chunks_picked": 5.310344827586207,
    "n": 29
  },
  "v1_K50_b8000": {
    "hit_at_least_1_rate": 0.3103448275862069,
    "gold_recall": 0.12643678160919541,
    "avg_chunks_picked": 10.137931034482758,
    "n": 29
  },
  "mar_sum_K50_b8000": {
    "hit_at_least_1_rate": 0.3448275862068966,
    "gold_recall": 0.16091954022988503,
    "avg_chunks_picked": 10.10344827586207,
    "n": 29
  },
  "mar_lse_t5_K50_b8000": {
    "hit_at_least_1_rate": 0.3448275862068966,
    "gold_recall": 0.16091954022988503,
    "avg_chunks_picked": 10.10344827586207,
    "n": 29
  },
  "hacs_a07_K50_b8000": {
    "hit_at_least_1_rate": 0.4482758620689655,
    "gold_recall": 0.18390804597701146,
    "avg_chunks_picked": 10.931034482758621,
    "n": 29
  },
  "hacs_a08_K50_b8000": {
    "hit_at_least_1_rate": 0.41379310344827586,
    "gold_recall": 0.17241379310344823,
    "avg_chunks_picked": 10.89655172413793,
    "n": 29
  },
  "v1_K50_b16000": {
    "hit_at_least_1_rate": 0.6896551724137931,
    "gold_recall": 0.32183908045977005,
    "avg_chunks_picked": 20.586206896551722,
    "n": 29
  },
  "mar_sum_K50_b16000": {
    "hit_at_least_1_rate": 0.6896551724137931,
    "gold_recall": 0.3218390804597701,
    "avg_chunks_picked": 20.586206896551722,
    "n": 29
  },
  "mar_lse_t5_K50_b16000": {
    "hit_at_least_1_rate": 0.6896551724137931,
    "gold_recall": 0.3218390804597701,
    "avg_chunks_picked": 20.586206896551722,
    "n": 29
  },
  "hacs_a07_K50_b16000": {
    "hit_at_least_1_rate": 0.6896551724137931,
    "gold_recall": 0.35632183908045983,
    "avg_chunks_picked": 21.103448275862068,
    "n": 29
  },
  "hacs_a08_K50_b16000": {
    "hit_at_least_1_rate": 0.6896551724137931,
    "gold_recall": 0.3218390804597701,
    "avg_chunks_picked": 21.137931034482758,
    "n": 29
  },
  "v1_K50_b24000": {
    "hit_at_least_1_rate": 0.7931034482758621,
    "gold_recall": 0.4252873563218391,
    "avg_chunks_picked": 27.79310344827586,
    "n": 29
  },
  "mar_sum_K50_b24000": {
    "hit_at_least_1_rate": 0.7931034482758621,
    "gold_recall": 0.4252873563218391,
    "avg_chunks_picked": 27.79310344827586,
    "n": 29
  },
  "mar_lse_t5_K50_b24000": {
    "hit_at_least_1_rate": 0.7931034482758621,
    "gold_recall": 0.4252873563218391,
    "avg_chunks_picked": 27.79310344827586,
    "n": 29
  },
  "hacs_a07_K50_b24000": {
    "hit_at_least_1_rate": 0.8620689655172413,
    "gold_recall": 0.471264367816092,
    "avg_chunks_picked": 31.862068965517242,
    "n": 29
  },
  "hacs_a08_K50_b24000": {
    "hit_at_least_1_rate": 0.8620689655172413,
    "gold_recall": 0.471264367816092,
    "avg_chunks_picked": 31.862068965517242,
    "n": 29
  },
  "v1_K100_b4000": {
    "hit_at_least_1_rate": 0.2413793103448276,
    "gold_recall": 0.08045977011494251,
    "avg_chunks_picked": 5.068965517241379,
    "n": 29
  },
  "mar_sum_K100_b4000": {
    "hit_at_least_1_rate": 0.20689655172413793,
    "gold_recall": 0.06896551724137931,
    "avg_chunks_picked": 5.0,
    "n": 29
  },
  "mar_lse_t5_K100_b4000": {
    "hit_at_least_1_rate": 0.20689655172413793,
    "gold_recall": 0.06896551724137931,
    "avg_chunks_picked": 5.0,
    "n": 29
  },
  "hacs_a07_K100_b4000": {
    "hit_at_least_1_rate": 0.2413793103448276,
    "gold_recall": 0.09195402298850575,
    "avg_chunks_picked": 5.241379310344827,
    "n": 29
  },
  "hacs_a08_K100_b4000": {
    "hit_at_least_1_rate": 0.2413793103448276,
    "gold_recall": 0.08045977011494251,
    "avg_chunks_picked": 5.310344827586207,
    "n": 29
  },
  "v1_K100_b8000": {
    "hit_at_least_1_rate": 0.3103448275862069,
    "gold_recall": 0.12643678160919541,
    "avg_chunks_picked": 10.172413793103448,
    "n": 29
  },
  "mar_sum_K100_b8000": {
    "hit_at_least_1_rate": 0.4827586206896552,
    "gold_recall": 0.19540229885057467,
    "avg_chunks_picked": 10.172413793103448,
    "n": 29
  },
  "mar_lse_t5_K100_b8000": {
    "hit_at_least_1_rate": 0.4482758620689655,
    "gold_recall": 0.18390804597701146,
    "avg_chunks_picked": 10.172413793103448,
    "n": 29
  },
  "hacs_a07_K100_b8000": {
    "hit_at_least_1_rate": 0.4482758620689655,
    "gold_recall": 0.18390804597701146,
    "avg_chunks_picked": 10.931034482758621,
    "n": 29
  },
  "hacs_a08_K100_b8000": {
    "hit_at_least_1_rate": 0.41379310344827586,
    "gold_recall": 0.17241379310344823,
    "avg_chunks_picked": 10.89655172413793,
    "n": 29
  },
  "v1_K100_b16000": {
    "hit_at_least_1_rate": 0.6896551724137931,
    "gold_recall": 0.3333333333333333,
    "avg_chunks_picked": 20.79310344827586,
    "n": 29
  },
  "mar_sum_K100_b16000": {
    "hit_at_least_1_rate": 0.7241379310344828,
    "gold_recall": 0.3563218390804598,
    "avg_chunks_picked": 20.93103448275862,
    "n": 29
  },
  "mar_lse_t5_K100_b16000": {
    "hit_at_least_1_rate": 0.7241379310344828,
    "gold_recall": 0.3563218390804598,
    "avg_chunks_picked": 20.93103448275862,
    "n": 29
  },
  "hacs_a07_K100_b16000": {
    "hit_at_least_1_rate": 0.6896551724137931,
    "gold_recall": 0.3678160919540231,
    "avg_chunks_picked": 21.06896551724138,
    "n": 29
  },
  "hacs_a08_K100_b16000": {
    "hit_at_least_1_rate": 0.6896551724137931,
    "gold_recall": 0.33333333333333337,
    "avg_chunks_picked": 21.137931034482758,
    "n": 29
  },
  "v1_K100_b24000": {
    "hit_at_least_1_rate": 0.7931034482758621,
    "gold_recall": 0.4367816091954023,
    "avg_chunks_picked": 31.0,
    "n": 29
  },
  "mar_sum_K100_b24000": {
    "hit_at_least_1_rate": 0.8620689655172413,
    "gold_recall": 0.43678160919540227,
    "avg_chunks_picked": 30.96551724137931,
    "n": 29
  },
  "mar_lse_t5_K100_b24000": {
    "hit_at_least_1_rate": 0.8620689655172413,
    "gold_recall": 0.43678160919540227,
    "avg_chunks_picked": 30.96551724137931,
    "n": 29
  },
  "hacs_a07_K100_b24000": {
    "hit_at_least_1_rate": 0.7931034482758621,
    "gold_recall": 0.471264367816092,
    "avg_chunks_picked": 31.862068965517242,
    "n": 29
  },
  "hacs_a08_K100_b24000": {
    "hit_at_least_1_rate": 0.7931034482758621,
    "gold_recall": 0.45977011494252873,
    "avg_chunks_picked": 31.862068965517242,
    "n": 29
  },
  "v1_K200_b4000": {
    "hit_at_least_1_rate": 0.2413793103448276,
    "gold_recall": 0.08045977011494251,
    "avg_chunks_picked": 5.103448275862069,
    "n": 29
  },
  "mar_sum_K200_b4000": {
    "hit_at_least_1_rate": 0.27586206896551724,
    "gold_recall": 0.09195402298850575,
    "avg_chunks_picked": 5.0,
    "n": 29
  },
  "mar_lse_t5_K200_b4000": {
    "hit_at_least_1_rate": 0.20689655172413793,
    "gold_recall": 0.06896551724137931,
    "avg_chunks_picked": 5.0,
    "n": 29
  },
  "hacs_a07_K200_b4000": {
    "hit_at_least_1_rate": 0.2413793103448276,
    "gold_recall": 0.09195402298850575,
    "avg_chunks_picked": 5.241379310344827,
    "n": 29
  },
  "hacs_a08_K200_b4000": {
    "hit_at_least_1_rate": 0.2413793103448276,
    "gold_recall": 0.08045977011494251,
    "avg_chunks_picked": 5.310344827586207,
    "n": 29
  },
  "chunk_only_K200_b4000": {
    "hit_at_least_1_rate": 0.2413793103448276,
    "gold_recall": 0.11494252873563218,
    "avg_chunks_picked": 5.206896551724138,
    "n": 29
  },
  "v1_K200_b8000": {
    "hit_at_least_1_rate": 0.3103448275862069,