{
  "method": "AKCR_v2_v1",
  "method_args": {
    "alpha": null,
    "tau": null,
    "K_atoms": 200
  },
  "reader": "glm-5.1",
  "judge": "glm-4.7",
  "char_budget": 24000,
  "n_total": 1169,
  "n_yes": 654,
  "judge_acc": 0.5594525235243798,
  "avg_f1": 0.21542740672545982,
  "avg_passages_chars": 23224.345594525235,
  "avg_n_chunks": 32.09067579127459,
  "duration_sec": 276.70765495300293
}