{
  "method": "AKCR_v2_hacs",
  "method_args": {
    "alpha": 0.8,
    "tau": null,
    "K_atoms": 200
  },
  "reader": "glm-4.7",
  "judge": "glm-4.7",
  "char_budget": 24000,
  "n_total": 1169,
  "n_yes": 648,
  "judge_acc": 0.5543199315654406,
  "avg_f1": 0.2951676129229156,
  "avg_passages_chars": 23870.49358426005,
  "avg_n_chunks": 33.23182207014543,
  "duration_sec": 231.4974503517151
}